.NET,0
.NET CORE,0
3D,62
3D 그래픽,0
3D 모델링,0
3G,0
AAC,11
ABAP,28
ACTIVE DIRECTORY,0
ADC,2
ADOBE,10
ADOBE ILLUSTRATOR,0
ADOBE PHOTOSHOP,0
ADOBE XD,0
AGILE,29
AIX,0
AJAX,23
AKKA,0
ALTIUM,5
AMAZON REDSHIFT,0
AMAZON WEB SERVICE,0
AMPLITUDE,5
ANDROID,189
ANDROID STUDIO,0
ANGULAR,114
ANGULARJS,12
ANSI C,0
APACHE,25
APACHE 2,0
APACHE KAFKA,0
APACHE SPARK,0
API,834
API 개발,0
APPLE SOFTWARE,0
APPLICANT TRACKING SYSTEM(ATS),0
AR,5
ARDUINO,0
ASANA,2
ASIC,3
ASP,6
ASP .NET,0
ASTERISK,0
AUDIT COMMAND LANGUAGE (ACL),0
AUTOCAD,3
AUTOSAR,2
AWS,569
AXURE,1
AZURE,73
B2B,11
B2C,30
BASH,13
BGP,2
BI,17
BITBUCKET,15
BLOCKCHAIN,2
BOOTSTRAP,10
C,411
C / C++,0
C#,0
C++,0
CAD,6
CAKEPHP,0
CAM,1
CAN,13
CCIE,0
CCNA,1
CCNP,1
CENTOS,13
CHILDREN,0
CISA,1
CISCO,3
CISSP,1
CITRIX,4
CLUSTERING,9
CMS,2
COCOA TOUCH,0
CODEIGNITER,2
COMMUNICATION,38
CONFLUENCE,51
COROUTINE,13
CRM,8
CRM 데이터베이스,0
CRM 소프트웨어,0
CRM 통합,0
CSS,425
CSS 자바 스크립트,0
CSS3,0
CTI,1
CUDA,5
DART FOR PUBLISHERS,0
DATA ANALYSIS,0
DATASTAGE,0
DB2,0
DBT,1
DEBIAN,0
DEBUGGING,10
DELPHI,4
DEVOPS,72
DHCP,2
DIAGNOSTIC,0
DICOM,0
DIRECTX,3
DJANGO,105
DLP,4
DNS,7
DOCKER,147
DOM,4
DSL,3
DSP,2
DWDM,6
EAI,1
EC2,0
ECLIPSE,1
EDA,12
ELASTICSEARCH,43
ELIXIR,1
EMBEDDED C,0
EMBEDDED LINUX,0
EMC STORAGE,0
EMC 규정 준수,0
EMR,5
ENCASE,0
ENTITY FRAMEWORK,0
ERP 구현,0
ERP 소프트웨어,0
ES6,0
ETHEREUM,3
ETL,22
ETL 도구,0
EXCEL,3
EXPRESSJS,19
FASTAPI,40
FIGMA,44
FIREBASE,27
FLASH,1
FLASK,54
FLOW,40
FLUTTER,83
FMEA,0
FPGA,10
FPGA 프로토 타이핑,0
FRAMER,0
FTP,2
GCC,2
GCP,98
GCPS,0
GIMP,1
GIS,7
GIS 시스템,0
GIS 응용 프로그램,0
GIT,580
GITHUB,170
GITLAB,21
GLSL,1
GO,91
GOLANG,66
GOOGLE ANALYTICS,0
GOOGLE APPS,0
GOOGLE CLOUD PLATFORM,0
GOOGLE MAPS,0
GOOGLE TAG MANAGER,0
GOOGLE WEBMASTER TOOLS,0
GPS,2
GPU,6
GRADLE,13
GRAPHQL,42
GRUNTJS,0
GUI,5
HADOOP,29
HCI,3
HEALTH INFORMATION TECHNOLOGY,0
HEROKU,1
HILT,5
HMI,1
HP,0
HTA,0
HTML,313
HTML5,126
HTTP,104
HYPERLEDGER,2
I2C,0
IBATIS,3
IIS,6
INTELLIJ IDEA,0
IOS,222
IOS 개발,0
IOS 디자인,0
IOT,15
IP,9
IPS,4
ISO,13
ISR,0
IT 관리,0
IT 운영,0
ITIL,1
IVR,1
JAVA,806
JAVASCRIPT,560
JENKINS,49
JIRA,142
JPA,114
JQUERY,96
JQUERY UI,0
JSON,25
JSONAPI,0
JSP,55
JSP 개발,0
JSTL,3
JUNIPER,1
JUNIT,7
KERNEL PROGRAMMING,0
KOTLIN,219
KUBERNETES,105
KYC,0
LARAVEL,19
LESS,7
LIDAR,8
LIN,2
LINQ,0
LINUX,324
LIS,0
LTE,2
MAC,5
MATLAB,16
MAVEN,8
MDX,0
MES,4
METAL,1
MFC,20
MICROCHIP PIC,0
MICROSOFT SERVER,0
MIMO,0
MIXPANEL,0
ML,64
MMO,0
MOBILE APP DESIGN,0
MONGODB,80
MS 오피스,0
MSSQL,74
MULTI TASKING,0
MVC,37
MVVM,62
MXNET,7
MYSQL,294
NAS,0
NEO4J,0
NEST.JS,0
NEXACRO,2
NEXT.JS,0
NFC,1
NGINX,15
NLP,11
NODE.JS,0
NODEJS,293
NOSQL,175
NOTION,30
NUMPY,16
OAUTH,13
OBJECTIVEC,25
OFDM,0
OFFICE 365,0
OLAP,5
OOP,52
OPENCL,0
OPENCV,34
OPENGL,11
OPENMP,0
OPENSTACK,11
ORACLE,121
ORACLE DATABASE,0
ORACLE RAC,0
ORACLE SQL,0
ORCAD,13
ORM,62
OSS,0
OTN,0
PAAS,4
PACS,2
PADS,8
PADS LAYOUT,0
PALANTIR,0
PCB 디자인,0
PCB 레이아웃 설계,0
PERFORCE,2
PERL,6
PHP,89
PHPUNIT,0
PKI,2
PLC,3
PMO,1
PMP,1
POP 디스플레이,0
POS,1
POSTGRESQL,112
POWER BI,0
POWERBUILDER,1
POWERSHELL,6
PROCESSING,21
PRODUCT MANAGEMENT,0
PYTHON,672
PYTORCH,140
QA 엔지니어링,0
QC,1
QLIKVIEW,0
QT,19
R,38
RABBITMQ,8
RAID,0
RASPBERRY PI,0
RDBMS,283
REACT,606
REACT NATIVE,0
REACT.JS,0
REDIS,82
REDMINE,5
REDUX,122
REST,264
RESTFUL API,0
RESTFUL ARCHITECTURE,0
RESTFUL WEBSERVICES,0
RETROFIT2,0
REVIT,0
RF,7
RFP,0
RHEL,1
RHINO 3D,0
ROS,11
RPG,0
RS232,0
RTL 검증,0
RTL 설계,0
RTL 코딩,0
RTOS,14
RTP,0
RUBY,25
RUBY ON RAILS,0
RUST,25
RX,4
SAAS,21
SAP,41
SAP BI,0
SAP BW,0
SAP ERP,0
SAP FI,0
SAP FICO,0
SAP HR,0
SAP MM,0
SAP SD,0
SAP 구현,0
SAP 포털,0
SAS,2
SASS,17
SCALA,36
SCIKIT-LEARN,0
SCIPY,4
SCM,9
SCRUM,3
SD,7
SDLC,13
SEO,10
SERVLETS,0
SHADER,2
SHELL,47
SHELL SCRIPTING,0
SIMULINK,2
SIP,0
SKETCH,8
SKETCHUP,0
SLACK,52
SMS,0
SMTP,2
SNMP,0
SOC,13
SOLARIS,0
SOLIDWORKS,2
SOLR,6
SONET,0
SPA,120
SPARK,36
SPI,9
SPINE,0
SPLUNK,2
SPRING BOOT,0
SPRING FRAMEWORK,0
SPSS,0
SQL,278
SQL 서버,0
SQLITE,7
SSAS,0
SSH,0
SSIS,1
SSL,2
SSRS,1
STATA,0
STL,6
STORAGE,10
STP,0
STRUTS,1
SVELTE,6
SVG,2
SVN,25
SWIFT,132
SYBASE,1
TABLEAU,21
TCL,4
TCP,13
TDD,24
TEAMCITY,3
TELERIK,1
TENSORFLOW,117
TESTNG,0
TOMCAT,14
TRELLO,5
TYPEFORM,0
TYPESCRIPT,385
UBUNTU,12
UDP,4
UI 디자인,0
UNITY3D,0
UNIX,29
UNREAL ENGINE,0
USER EXPERIENCE,0
USER STORIES,0
UX,31
UX 기획,0
UX 디자인,0
VB .NET,0
VBA,0
VDI,1
VERILOG,14
VHDL,2
VISUAL BASIC,0
VISUAL STUDIO,0
VISUAL STUDIO CODE,0
VMWARE INFRASTRUCTURE,0
VM웨어,0
VOIP,1
VPN,4
VR,6
VUE.JS,0
VUEJS,140
WBS,1
WEB SOCKET,0
WEBGL,10
WEBRTC,4
WEBSPHERE MQ,0
WINDOWS 8,0
WINDOWS EMBEDDED,0
WINDOWS 서버,0
WINDOWS 서비스,0
WINDOWS 원격 데스크톱,0
WINFORM,4
WORDPRESS,1
WORDPRESS DESIGN,0
WPF,26
WPF 개발,0
XAMARIN,1
XAML,4
XCODE,6
XEN,1
XHTML,1
XILINX,4
XML,5
XP,1
ZEMAX,0
ZEPLIN,10
가상화,20
강의,2
개발,3427
검색 엔진,0
검증,65
고객 관계,0
고객 중심,0
고객 지원,0
공공 부문,0
공차 분석,0
관리,575
교육 관리,0
교육 기술,0
구글 API,0
구매 관리,0
그래픽 디자인,1
금융,31
기계 학습 (MACHINE LEARNING),0
기술 개발,0
기술 관리,0
기술 교육,0
기술 문서,0
네비게이션 시스템,0
네트워크 개발,0
네트워크 관리,0
네트워크 보안,20
네트워크 설계,0
네트워크 엔지니어링,0
네트워크 운영,0
네트워크 인프라,0
네트워크 통신,0
네트워크 프로그래밍,0
데이터 구조,0
데이터 마트,5
데이터 분석,0
데이터 수집,0
데이터 시각화,10
데이터 입력,0
데이터 통합,0
데이터베이스,159
데이터베이스 관리,0
데이터베이스 설계,21
도메인 관리,0
딥 러닝,0
라이브러리 관리,0
레이더,1
로봇,20
로봇 프로그래밍,0
리눅스 서버,0
리눅스 시스템 관리,0
리눅스 커널,1
리팩토링,24
마이크로프로세서,0
머신 비전,0
모델링,84
모델링 및 시뮬레이션,0
모뎀,1
모바일 게임,11
모바일 게임 개발,0
모바일 기술,0
모바일 장치,0
모터 제어,0
무선 통신,3
반도체,11
방화벽,6
백신,1
백엔드 개발,0
병렬 프로그래밍,0
보안,139
보안 감사,0
보안 관리,0
보안 교육,0
보안 금융,0
보안 운영,0
보안 정책,9
복제,0
분석 개발,0
분석 능력,0
분석 문제 해결,0
분석 서비스,0
분석능력,0
브랜딩,0
비즈니스 분석,0
빅 데이터,3
상품 기획,0
샘플 관리,0
샘플 준비,0
생산 계획,0
서버,414
서버 관리,0
서버 아키텍처,0
서비스 관리,0
서비스 디자인,0
서비스 프로세스,0
설계,876
성능 측정,0
소켓,24
소프트웨어 개발,88
소프트웨어 검증,0
솔루션 개발,0
솔루션 아키텍처,0
수학,74
스토리지 솔루션,0
스토리지 영역 네트워크,0
시스템 관리,0
시스템 구축,0
시스템 구현,0
시스템 통합,0
신호 처리,1
아날로그 회로 설계,0
안드로이드 SDK,0
안드로이드 개발,0
알고리즘 개발,0
알고리즘 설계,1
암호화,9
애자일 방법론,0
애자일 프로젝트 관리,0
앱 서버,0
연구 및 개발,0
영상,47
영어 실력,0
예측 모델링,0
요구 사항 분석,0
운영 관리,0
운영체제,0
웹 개발,96
웹 디자인,5
웹사이트,11
위성 통신,0
윈도우 모바일,0
윈도우 프로그래밍,0
유지보수,0
의료 기기,0
의료 산업,0
의료 영상,0
의료 장비,0
인공 지능,0
인버터,1
인터페이스,35
인프라,188
일본어,2
임베디드 소프트웨어,0
임베디드 시스템,15
자동차,13
자동차 전자,0
자산 관리,0
자연 언어 처리,0
재고 관리,0
전력전자학,0
전원 엔지니어링,0
전자 공학,0
전자정부프레임워크,0
정보 보안,5
정보관리,0
제안서 작성,0
제어 시스템 설계,0
제품 개발,41
차량,12
최적화,153
취약점 스캐닝,0
카메라,8
카산드라,0
컴파일러,8
컴퓨터 공학,154
컴퓨터 비전,23
클라우드 보안,0
클라우드 스토리지,0
클라우드 응용 프로그램,0
클라우드 컴퓨팅,9
클라이언트 개발,0
테스트 실행,0
통계 모델링,0
통신,126
펌웨어,29
품질 관리,0
품질 보증,0
프레젠테이션,3
프로그램 관리,0
프로세스 개선,0
프로젝트 관리,40
프로젝트 납품,0
프로젝트 실행,0
프로토 타이핑,0
프로토콜 개발,0
프론트엔드 개발자,0
하드웨어,26
하드웨어 설계,0
하드웨어 테스트,0
학술 연구,0
학술 출판,0
회로,10
회로 분석,0
회로 설계,0