.NET,792
.NET CORE,24
3D,80
3D 그래픽,9
3D 모델링,45
3G,36
AAC,29
ABAP,208
ACTIVE DIRECTORY,42
ADC,29
ADOBE,14
ADOBE ILLUSTRATOR,14
ADOBE PHOTOSHOP,14
ADOBE XD,26
AGILE,115
AIX,54
AJAX,131
AKKA,4
ALTIUM,15
AMAZON REDSHIFT,4
AMAZON WEB SERVICE,32
AMPLITUDE,11
ANDROID,1301
ANDROID STUDIO,104
ANGULAR,116
ANGULARJS,154
ANSI C,9
APACHE,71
APACHE 2,12
APACHE KAFKA,48
APACHE SPARK,12
API,1608
API 개발,216
APPLE SOFTWARE,8
APPLICANT TRACKING SYSTEM(ATS),2
AR,95
ARDUINO,6
ASANA,14
ASIC,75
ASP,114
ASP .NET,234
ASTERISK,2
AUDIT COMMAND LANGUAGE (ACL),4
AUTOCAD,15
AUTOSAR,20
AWS,13457
AXURE,15
AZURE,367
B2B,56
B2C,66
BASH,53
BGP,29
BI,26
BITBUCKET,91
BLOCKCHAIN,108
BOOTSTRAP,58
C,2895
C / C++,3105
C#,2385
C++,4653
CAD,69
CAKEPHP,2
CAM,46
CAN,112
CCIE,18
CCNA,28
CCNP,10
CENTOS,37
CHILDREN,2
CISA,217
CISCO,17
CISSP,91
CITRIX,42
CLUSTERING,21
CMS,11
COCOA TOUCH,2
CODEIGNITER,34
COMMUNICATION,46
CONFLUENCE,287
COROUTINE,39
CRM,116
CRM 데이터베이스,9
CRM 소프트웨어,9
CRM 통합,9
CSS,2846
CSS 자바 스크립트,198
CSS3,684
CTI,37
CUDA,347
DART FOR PUBLISHERS,4
DATA ANALYSIS,22
DATASTAGE,2
DB2,9
DBT,46
DEBIAN,4
DEBUGGING,20
DELPHI,28
DEVOPS,274
DHCP,20
DIAGNOSTIC,2
DICOM,18
DIRECTX,5
DJANGO,397
DLP,49
DNS,286
DOCKER,1333
DOM,31
DSL,12
DSP,29
DWDM,24
EAI,109
EC2,117
ECLIPSE,5
EDA,138
ELASTICSEARCH,257
ELIXIR,5
EMBEDDED C,42
EMBEDDED LINUX,124
EMC STORAGE,14
EMC 규정 준수,63
EMR,77
ENCASE,8
ENTITY FRAMEWORK,22
ERP 구현,45
ERP 소프트웨어,117
ES6,234
ETHEREUM,29
ETL,229
ETL 도구,63
EXCEL,5
EXPRESSJS,155
FASTAPI,156
FIGMA,268
FIREBASE,167
FLASH,3
FLASK,174
FLOW,46
FLUTTER,511
FMEA,54
FPGA,352
FPGA 프로토 타이핑,144
FRAMER,8
FTP,11
GCC,11
GCP,1151
GCPS,4
GIMP,19
GIS,52
GIS 시스템,9
GIS 응용 프로그램,18
GIT,2838
GITHUB,1308
GITLAB,147
GLSL,10
GO,391
GOLANG,244
GOOGLE ANALYTICS,98
GOOGLE APPS,34
GOOGLE CLOUD PLATFORM,76
GOOGLE MAPS,6
GOOGLE TAG MANAGER,22
GOOGLE WEBMASTER TOOLS,4
GPS,11
GPU,96
GRADLE,69
GRAPHQL,234
GRUNTJS,2
GUI,50
HADOOP,243
HCI,75
HEALTH INFORMATION TECHNOLOGY,4
HEROKU,5
HILT,9
HMI,10
HP,90
HTA,18
HTML,4840
HTML5,1233
HTTP,545
HYPERLEDGER,12
I2C,18
IBATIS,23
IIS,87
INTELLIJ IDEA,38
IOS,1104
IOS 개발,104
IOS 디자인,4
IOT,61
IP,54
IPS,103
ISO,94
ISR,9
IT 관리,81
IT 운영,81
ITIL,127
IVR,37
JAVA,2908
JAVASCRIPT,2994
JENKINS,401
JIRA,2365
JPA,2094
JQUERY,446
JQUERY UI,4
JSON,70
JSONAPI,12
JSP,523
JSP 개발,54
JSTL,57
JUNIPER,3
JUNIT,51
KERNEL PROGRAMMING,2
KOTLIN,1291
KUBERNETES,657
KYC,36
LARAVEL,103
LESS,34
LIDAR,22
LIN,11
LINQ,36
LINUX,1700
LIS,18
LTE,38
MAC,45
MATLAB,241
MAVEN,48
MDX,9
MES,85
METAL,11
MFC,425
MICROCHIP PIC,2
MICROSOFT SERVER,4
MIMO,18
MIXPANEL,8
ML,649
MMO,18
MOBILE APP DESIGN,2
MONGODB,464
MS 오피스,9
MSSQL,1100
MULTI TASKING,34
MVC,136
MVVM,647
MXNET,43
MYSQL,1924
NAS,45
NEO4J,10
NEST.JS,196
NEXACRO,12
NEXT.JS,446
NFC,73
NGINX,135
NLP,146
NODE.JS,912
NODEJS,693
NOSQL,479
NOTION,246
NUMPY,72
OAUTH,21
OBJECTIVEC,175
OFDM,18
OFFICE 365,46
OLAP,14
OOP,340
OPENCL,8
OPENCV,116
OPENGL,51
OPENMP,14
OPENSTACK,39
ORACLE,507
ORACLE DATABASE,4
ORACLE RAC,2
ORACLE SQL,20
ORCAD,184
ORM,350
OSS,207
OTN,18
PAAS,18
PACS,38
PADS,116
PADS LAYOUT,4
PALANTIR,2
PCB 디자인,171
PCB 레이아웃 설계,162
PERFORCE,10
PERL,70
PHP,2294
PHPUNIT,4
PKI,20
PLC,57
PMO,46
PMP,172
POP 디스플레이,45
POS,10
POSTGRESQL,540
POWER BI,22
POWERBUILDER,19
POWERSHELL,64
PROCESSING,55
PRODUCT MANAGEMENT ,106
PYTHON,3292
PYTORCH,548
QA 엔지니어링,423
QC,19
QLIKVIEW,2
QT,49
R,317
RABBITMQ,48
RAID,63
RASPBERRY PI,10
RDBMS,1318
REACT,2274
REACT NATIVE,482
REACT.JS,668
REDIS,372
REDMINE,29
REDUX,254
REST,867
RESTFUL API,284
RESTFUL ARCHITECTURE,34
RESTFUL WEBSERVICES,72
RETROFIT2,6
REVIT,4
RF,70
RFP,9
RHEL,73
RHINO 3D,4
ROS,524
RPG,18
RS232,27
RTL 검증,72
RTL 설계,234
RTL 코딩,162
RTOS,113
RTP,45
RUBY,97
RUBY ON RAILS,50
RUST,99
RX,32
SAAS,51
SAP,275
SAP BI,9
SAP BW,9
SAP ERP,108
SAP FI,117
SAP FICO,18
SAP HR,27
SAP MM,135
SAP SD,144
SAP 구현,27
SAP 포털,9
SAS,29
SASS,116
SCALA,96
SCIKIT-LEARN,106
SCIPY,18
SCM,18
SCRUM,9
SD,52
SDLC,49
SEO,37
SERVLETS,12
SHADER,12
SHELL,113
SHELL SCRIPTING,54
SIMULINK,36
SIP,45
SKETCH,26
SKETCHUP,4
SLACK,324
SMS,18
SMTP,155
SNMP,72
SOC,91
SOLARIS ,2
SOLIDWORKS,6
SOLR,15
SONET,18
SPA,138
SPARK,280
SPI,27
SPINE,2
SPLUNK,4
SPRING BOOT,754
SPRING FRAMEWORK,1476
SPSS,18
SQL,4418
SQL 서버,108
SQLITE,31
SSAS,27
SSH,18
SSIS,37
SSL,65
SSRS,10
STATA,2
STL,33
STORAGE,22
STP,72
STRUTS,3
SVELTE,8
SVG,56
SVN,196
SWIFT,722
SYBASE,3
TABLEAU,145
TCL,94
TCP,346
TDD,141
TEAMCITY,7
TELERIK,7
TENSORFLOW,411
TESTNG,8
TOMCAT,58
TRELLO,27
TYPEFORM,4
TYPESCRIPT,1681
UBUNTU,80
UDP,103
UI 디자인,153
UNITY3D,128
UNIX,371
UNREAL ENGINE,60
USER EXPERIENCE,4
USER STORIES,4
UX,148
UX 기획,54
UX 디자인,18
VB .NET,18
VBA,54
VDI,73
VERILOG,78
VHDL,74
VISUAL BASIC,16
VISUAL STUDIO,38
VISUAL STUDIO CODE,36
VMWARE INFRASTRUCTURE,26
VM웨어,360
VOIP,9
VPN,58
VR,42
VUE.JS,196
VUEJS,478
WBS,19
WEB SOCKET,20
WEBGL,62
WEBRTC,48
WEBSPHERE MQ,6
WINDOWS 8,8
WINDOWS EMBEDDED,8
WINDOWS 서버,116
WINDOWS 서비스,16
WINDOWS 원격 데스크톱,6
WINFORM,26
WORDPRESS,5
WORDPRESS DESIGN,2
WPF,458
WPF 개발,45
XAMARIN,35
XAML,58
XCODE,44
XEN,29
XHTML,10
XILINX,20
XML,23
XP,28
ZEMAX,4
ZEPLIN,48
가상화,200
강의,38
개발,3607
검색 엔진,27
검증,353
고객 관계,36
고객 중심,18
고객 지원,45
공공 부문,27
공차 분석,45
관리,584
교육 관리,36
교육 기술,36
구글 API,9
구매 관리,27
그래픽 디자인,82
금융,58
기계 학습 (MACHINE LEARNING),6
기술 개발,18
기술 관리,54
기술 교육,36
기술 문서,36
네비게이션 시스템,9
네트워크 개발,18
네트워크 관리,63
네트워크 보안,47
네트워크 설계,45
네트워크 엔지니어링,9
네트워크 운영,171
네트워크 인프라,18
네트워크 통신,9
네트워크 프로그래밍,9
데이터 구조,18
데이터 마트,41
데이터 분석,63
데이터 수집,9
데이터 시각화,37
데이터 입력,9
데이터 통합,9
데이터베이스,276
데이터베이스 관리,9
데이터베이스 설계,30
도메인 관리,18
딥 러닝,216
라이브러리 관리,54
레이더,28
로봇,119
로봇 프로그래밍,45
리눅스 서버,27
리눅스 시스템 관리,36
리눅스 커널,10
리팩토링,159
마이크로프로세서,9
머신 비전,54
모델링,93
모델링 및 시뮬레이션,9
모뎀,10
모바일 게임,47
모바일 게임 개발,9
모바일 기술,36
모바일 장치,9
모터 제어,18
무선 통신,39
반도체,29
방화벽,42
백신,46
백엔드 개발,405
병렬 프로그래밍,9
보안,589
보안 감사,90
보안 관리,189
보안 교육,36
보안 금융,36
보안 운영,18
보안 정책,81
복제,18
분석 개발,9
분석 능력,9
분석 문제 해결,9
분석 서비스,18
분석능력,36
브랜딩,81
비즈니스 분석,18
빅 데이터,12
상품 기획,9
샘플 관리,9
샘플 준비,9
생산 계획,27
서버,567
서버 관리,198
서버 아키텍처,162
서비스 관리,18
서비스 디자인,81
서비스 프로세스,9
설계,930
성능 측정,54
소켓,33
소프트웨어 개발,376
소프트웨어 검증,9
솔루션 개발,99
솔루션 아키텍처,36
수학,119
스토리지 솔루션,18
스토리지 영역 네트워크,18
시스템 관리,279
시스템 구축,225
시스템 구현,9
시스템 통합,9
신호 처리,28
아날로그 회로 설계,36
안드로이드 SDK,126
안드로이드 개발,432
알고리즘 개발,90
알고리즘 설계,19
암호화,27
애자일 방법론,153
애자일 프로젝트 관리,153
앱 서버,9
연구 및 개발,9
영상,92
영어 실력,144
예측 모델링,27
요구 사항 분석,9
운영 관리,27
운영체제,99
웹 개발,186
웹 디자인,23
웹사이트,20
위성 통신,36
윈도우 모바일,9
윈도우 프로그래밍,18
유지보수,90
의료 기기,63
의료 산업,9
의료 영상,108
의료 장비,63
인공 지능,135
인버터,19
인터페이스,80
인프라,764
일본어,11
임베디드 소프트웨어,216
임베디드 시스템,195
자동차,67
자동차 전자,9
자산 관리,9
자연 언어 처리,9
재고 관리,27
전력전자학,18
전원 엔지니어링,9
전자 공학,18
전자정부프레임워크,36
정보 보안,221
정보관리,36
제안서 작성,27
제어 시스템 설계,81
제품 개발,50
차량,57
최적화,189
취약점 스캐닝,9
카메라,89
카산드라,27
컴파일러,89
컴퓨터 공학,199
컴퓨터 비전,149
클라우드 보안,9
클라우드 스토리지,9
클라우드 응용 프로그램,117
클라우드 컴퓨팅,27
클라이언트 개발,9
테스트 실행,153
통계 모델링,9
통신,252
펌웨어,425
품질 관리,36
품질 보증,9
프레젠테이션,30
프로그램 관리,36
프로세스 개선,9
프로젝트 관리,130
프로젝트 납품,9
프로젝트 실행,18
프로토 타이핑,18
프로토콜 개발,9
프론트엔드 개발자,324
하드웨어,107
하드웨어 설계,45
하드웨어 테스트,27
학술 연구,18
학술 출판,18
회로,64
회로 분석,36
회로 설계,171
