.NET,88
.NET CORE,12
3D,2
3D 그래픽,1
3D 모델링,5
3G,4
AAC,2
ABAP,20
ACTIVE DIRECTORY,21
ADC,3
ADOBE,2
ADOBE ILLUSTRATOR,7
ADOBE PHOTOSHOP,7
ADOBE XD,13
AGILE,43
AIX,6
AJAX,12
AKKA,2
ALTIUM,5
AMAZON REDSHIFT,2
AMAZON WEB SERVICE,16
AMPLITUDE,3
ANDROID,556
ANDROID STUDIO,52
ANGULAR,1
ANGULARJS,71
ANSI C,1
APACHE,23
APACHE 2,6
APACHE KAFKA,24
APACHE SPARK,6
API,86
API 개발,24
APPLE SOFTWARE,4
APPLICANT TRACKING SYSTEM(ATS),1
AR,10
ARDUINO,3
ASANA,6
ASIC,8
ASP,12
ASP .NET,26
ASTERISK,1
AUDIT COMMAND LANGUAGE (ACL),2
AUTOCAD,6
AUTOSAR,2
AWS,1432
AXURE,7
AZURE,147
B2B,5
B2C,4
BASH,20
BGP,3
BI,1
BITBUCKET,38
BLOCKCHAIN,53
BOOTSTRAP,24
C,276
C / C++,345
C#,265
C++,517
CAD,7
CAKEPHP,1
CAM,5
CAN,11
CCIE,2
CCNA,3
CCNP,1
CENTOS,12
CHILDREN,1
CISA,24
CISCO,7
CISSP,10
CITRIX,19
CLUSTERING,6
CMS,1
COCOA TOUCH,1
CODEIGNITER,16
COMMUNICATION,4
CONFLUENCE,118
COROUTINE,13
CRM,12
CRM 데이터베이스,1
CRM 소프트웨어,1
CRM 통합,1
CSS,269
CSS 자바 스크립트,22
CSS3,76
CTI,4
CUDA,38
DART FOR PUBLISHERS,2
DATA ANALYSIS,11
DATASTAGE,1
DB2,1
DBT,5
DEBIAN,2
DEBUGGING,5
DELPHI,12
DEVOPS,101
DHCP,2
DIAGNOSTIC,1
DICOM,2
DIRECTX,1
DJANGO,146
DLP,5
DNS,31
DOCKER,593
DOM,3
DSL,1
DSP,3
DWDM,2
EAI,12
EC2,13
ECLIPSE,2
EDA,14
ELASTICSEARCH,107
ELIXIR,2
EMBEDDED C,21
EMBEDDED LINUX,62
EMC STORAGE,7
EMC 규정 준수,7
EMR,8
ENCASE,4
ENTITY FRAMEWORK,11
ERP 구현,5
ERP 소프트웨어,13
ES6,26
ETHEREUM,13
ETL,23
ETL 도구,7
EXCEL,1
EXPRESSJS,68
FASTAPI,58
FIGMA,112
FIREBASE,70
FLASH,1
FLASK,60
FLOW,3
FLUTTER,214
FMEA,6
FPGA,38
FPGA 프로토 타이핑,16
FRAMER,4
FTP,1
GCC,1
GCP,117
GCPS,2
GIMP,2
GIS,5
GIS 시스템,1
GIS 응용 프로그램,2
GIT,1129
GITHUB,569
GITLAB,63
GLSL,1
GO,150
GOLANG,89
GOOGLE ANALYTICS,49
GOOGLE APPS,17
GOOGLE CLOUD PLATFORM,38
GOOGLE MAPS,3
GOOGLE TAG MANAGER,11
GOOGLE WEBMASTER TOOLS,2
GPS,1
GPU,10
GRADLE,28
GRAPHQL,96
GRUNTJS,1
GUI,5
HADOOP,107
HCI,8
HEALTH INFORMATION TECHNOLOGY,2
HEROKU,2
HILT,2
HMI,1
HP,10
HTA,2
HTML,503
HTML5,123
HTTP,49
HYPERLEDGER,5
I2C,2
IBATIS,10
IIS,9
INTELLIJ IDEA,19
IOS,441
IOS 개발,52
IOS 디자인,2
IOT,23
IP,5
IPS,11
ISO,9
ISR,1
IT 관리,9
IT 운영,9
ITIL,14
IVR,4
JAVA,1051
JAVASCRIPT,1217
JENKINS,176
JIRA,247
JPA,220
JQUERY,175
JQUERY UI,2
JSON,5
JSONAPI,6
JSP,52
JSP 개발,6
JSTL,6
JUNIPER,1
JUNIT,22
KERNEL PROGRAMMING,1
KOTLIN,536
KUBERNETES,276
KYC,4
LARAVEL,42
LESS,3
LIDAR,7
LIN,1
LINQ,4
LINUX,688
LIS,2
LTE,4
MAC,20
MATLAB,25
MAVEN,20
MDX,1
MES,9
METAL,5
MFC,45
MICROCHIP PIC,1
MICROSOFT SERVER,2
MIMO,2
MIXPANEL,4
ML,65
MMO,2
MOBILE APP DESIGN,1
MONGODB,192
MS 오피스,1
MSSQL,114
MULTI TASKING,17
MVC,11
MVVM,65
MXNET,4
MYSQL,815
NAS,5
NEO4J,5
NEST.JS,98
NEXACRO,5
NEXT.JS,223
NFC,8
NGINX,60
NLP,15
NODE.JS,456
NODEJS,200
NOSQL,152
NOTION,108
NUMPY,28
OAUTH,4
OBJECTIVEC,75
OFDM,2
OFFICE 365,23
OLAP,1
OOP,32
OPENCL,4
OPENCV,41
OPENGL,20
OPENMP,7
OPENSTACK,14
ORACLE,193
ORACLE DATABASE,2
ORACLE RAC,1
ORACLE SQL,10
ORCAD,19
ORM,32
OSS,23
OTN,2
PAAS,7
PACS,4
PADS,12
PADS LAYOUT,2
PALANTIR,1
PCB 디자인,19
PCB 레이아웃 설계,18
PERFORCE,4
PERL,32
PHP,245
PHPUNIT,2
PKI,2
PLC,6
PMO,5
PMP,19
POP 디스플레이,5
POS,1
POSTGRESQL,214
POWER BI,11
POWERBUILDER,9
POWERSHELL,29
PROCESSING,17
PRODUCT MANAGEMENT ,53
PYTHON,1310
PYTORCH,204
QA 엔지니어링,47
QC,2
QLIKVIEW,1
QT,15
R,31
RABBITMQ,20
RAID,7
RASPBERRY PI,5
RDBMS,115
REACT,834
REACT NATIVE,241
REACT.JS,334
REDIS,145
REDMINE,12
REDUX,66
REST,67
RESTFUL API,142
RESTFUL ARCHITECTURE,17
RESTFUL WEBSERVICES,36
RETROFIT2,3
REVIT,2
RF,7
RFP,1
RHEL,8
RHINO 3D,2
ROS,57
RPG,2
RS232,3
RTL 검증,8
RTL 설계,26
RTL 코딩,18
RTOS,11
RTP,5
RUBY,36
RUBY ON RAILS,25
RUST,37
RX,14
SAAS,15
SAP,26
SAP BI,1
SAP BW,1
SAP ERP,12
SAP FI,13
SAP FICO,2
SAP HR,3
SAP MM,15
SAP SD,16
SAP 구현,3
SAP 포털,1
SAS,3
SASS,11
SCALA,30
SCIKIT-LEARN,53
SCIPY,7
SCM,1
SCRUM,3
SD,5
SDLC,4
SEO,3
SERVLETS,6
SHADER,5
SHELL,33
SHELL SCRIPTING,27
SIMULINK,17
SIP,5
SKETCH,9
SKETCHUP,2
SLACK,136
SMS,2
SMTP,17
SNMP,8
SOC,39
SOLARIS ,1
SOLIDWORKS,2
SOLR,1
SONET,2
SPA,9
SPARK,122
SPI,2
SPINE,1
SPLUNK,1
SPRING BOOT,377
SPRING FRAMEWORK,738
SPSS,2
SQL,460
SQL 서버,12
SQLITE,12
SSAS,3
SSH,2
SSIS,4
SSL,7
SSRS,1
STATA,1
STL,3
STORAGE,6
STP,8
STRUTS,1
SVELTE,1
SVG,6
SVN,19
SWIFT,295
SYBASE,1
TABLEAU,62
TCL,10
TCP,37
TDD,13
TEAMCITY,2
TELERIK,3
TENSORFLOW,147
TESTNG,4
TOMCAT,22
TRELLO,11
TYPEFORM,2
TYPESCRIPT,648
UBUNTU,34
UDP,11
UI 디자인,17
UNITY3D,64
UNIX,38
UNREAL ENGINE,30
USER EXPERIENCE,2
USER STORIES,2
UX,13
UX 기획,6
UX 디자인,2
VB .NET,2
VBA,6
VDI,8
VERILOG,32
VHDL,8
VISUAL BASIC,8
VISUAL STUDIO,19
VISUAL STUDIO CODE,18
VMWARE INFRASTRUCTURE,13
VM웨어,40
VOIP,4
VPN,6
VR,4
VUE.JS,98
VUEJS,169
WBS,2
WEB SOCKET,10
WEBGL,26
WEBRTC,22
WEBSPHERE MQ,3
WINDOWS 8,4
WINDOWS EMBEDDED,4
WINDOWS 서버,58
WINDOWS 서비스,8
WINDOWS 원격 데스크톱,3
WINFORM,11
WORDPRESS,2
WORDPRESS DESIGN,1
WPF,48
WPF 개발,5
XAMARIN,17
XAML,6
XCODE,19
XEN,14
XHTML,1
XILINX,8
XML,2
XP,3
ZEMAX,2
ZEPLIN,19
가상화,20
강의,4
개발,20
검색 엔진,3
검증,32
고객 관계,4
고객 중심,2
고객 지원,5
공공 부문,3
공차 분석,5
관리,1
교육 관리,4
교육 기술,4
구글 API,1
구매 관리,3
그래픽 디자인,9
금융,3
기계 학습 (MACHINE LEARNING),3
기술 개발,2
기술 관리,6
기술 교육,4
기술 문서,4
네비게이션 시스템,1
네트워크 개발,2
네트워크 관리,7
네트워크 보안,3
네트워크 설계,5
네트워크 엔지니어링,1
네트워크 운영,19
네트워크 인프라,2
네트워크 통신,1
네트워크 프로그래밍,1
데이터 구조,2
데이터 마트,4
데이터 분석,7
데이터 수집,1
데이터 시각화,3
데이터 입력,1
데이터 통합,1
데이터베이스,13
데이터베이스 관리,1
데이터베이스 설계,1
도메인 관리,2
딥 러닝,24
라이브러리 관리,6
레이더,3
로봇,11
로봇 프로그래밍,5
리눅스 서버,3
리눅스 시스템 관리,4
리눅스 커널,1
리팩토링,15
마이크로프로세서,1
머신 비전,6
모델링,1
모델링 및 시뮬레이션,1
모뎀,1
모바일 게임,4
모바일 게임 개발,1
모바일 기술,4
모바일 장치,1
모터 제어,2
무선 통신,4
반도체,2
방화벽,4
백신,5
백엔드 개발,45
병렬 프로그래밍,1
보안,50
보안 감사,10
보안 관리,21
보안 교육,4
보안 금융,4
보안 운영,2
보안 정책,8
복제,2
분석 개발,1
분석 능력,1
분석 문제 해결,1
분석 서비스,2
분석능력,4
브랜딩,9
비즈니스 분석,2
빅 데이터,1
상품 기획,1
샘플 관리,1
샘플 준비,1
생산 계획,3
서버,17
서버 관리,22
서버 아키텍처,18
서비스 관리,2
서비스 디자인,9
서비스 프로세스,1
설계,6
성능 측정,6
소켓,1
소프트웨어 개발,32
소프트웨어 검증,1
솔루션 개발,11
솔루션 아키텍처,4
수학,5
스토리지 솔루션,2
스토리지 영역 네트워크,2
시스템 관리,31
시스템 구축,25
시스템 구현,1
시스템 통합,1
신호 처리,3
아날로그 회로 설계,4
안드로이드 SDK,14
안드로이드 개발,48
알고리즘 개발,10
알고리즘 설계,2
암호화,2
애자일 방법론,17
애자일 프로젝트 관리,17
앱 서버,1
연구 및 개발,1
영상,5
영어 실력,16
예측 모델링,3
요구 사항 분석,1
운영 관리,3
운영체제,11
웹 개발,10
웹 디자인,2
웹사이트,1
위성 통신,4
윈도우 모바일,1
윈도우 프로그래밍,2
유지보수,10
의료 기기,7
의료 산업,1
의료 영상,12
의료 장비,7
인공 지능,15
인버터,2
인터페이스,5
인프라,64
일본어,1
임베디드 소프트웨어,24
임베디드 시스템,20
자동차,6
자동차 전자,1
자산 관리,1
자연 언어 처리,1
재고 관리,3
전력전자학,2
전원 엔지니어링,1
전자 공학,2
전자정부프레임워크,4
정보 보안,24
정보관리,4
제안서 작성,3
제어 시스템 설계,9
제품 개발,1
차량,5
최적화,4
취약점 스캐닝,1
카메라,9
카산드라,3
컴파일러,9
컴퓨터 공학,5
컴퓨터 비전,14
클라우드 보안,1
클라우드 스토리지,1
클라우드 응용 프로그램,13
클라우드 컴퓨팅,2
클라이언트 개발,1
테스트 실행,17
통계 모델링,1
통신,14
펌웨어,44
품질 관리,4
품질 보증,1
프레젠테이션,3
프로그램 관리,4
프로세스 개선,1
프로젝트 관리,10
프로젝트 납품,1
프로젝트 실행,2
프로토 타이핑,2
프로토콜 개발,1
프론트엔드 개발자,36
하드웨어,9
하드웨어 설계,5
하드웨어 테스트,3
학술 연구,2
학술 출판,2
회로,6
회로 분석,4
회로 설계,19