웹 개발자,https://www.wanted.co.kr/wdlist/518/873?country=kr&job_sort=company.response_rate_order&locations=all
서버 개발자,https://www.wanted.co.kr/wdlist/518/872?country=kr&job_sort=company.response_rate_order&locations=all
소프트웨어 엔지니어,https://www.wanted.co.kr/wdlist/518/10110?country=kr&job_sort=company.response_rate_order&locations=all
프론트엔드 개발자,https://www.wanted.co.kr/wdlist/518/669?country=kr&job_sort=company.response_rate_order&locations=all
자바 개발자,https://www.wanted.co.kr/wdlist/518/660?country=kr&job_sort=company.response_rate_order&locations=all
"C, C++ 개발자",https://www.wanted.co.kr/wdlist/518/900?country=kr&job_sort=company.response_rate_order&locations=all
안드로이드 개발자,https://www.wanted.co.kr/wdlist/518/677?country=kr&job_sort=company.response_rate_order&locations=all
파이썬 개발자,https://www.wanted.co.kr/wdlist/518/899?country=kr&job_sort=company.response_rate_order&locations=all
Node.js 개발자,https://www.wanted.co.kr/wdlist/518/895?country=kr&job_sort=company.response_rate_order&locations=all
iOS 개발자,https://www.wanted.co.kr/wdlist/518/678?country=kr&job_sort=company.response_rate_order&locations=all
머신러닝 엔지니어,https://www.wanted.co.kr/wdlist/518/1634?country=kr&job_sort=company.response_rate_order&locations=all
데이터 엔지니어,https://www.wanted.co.kr/wdlist/518/655?country=kr&job_sort=company.response_rate_order&locations=all
"시스템, 네트워크 관리자",https://www.wanted.co.kr/wdlist/518/665?country=kr&job_sort=company.response_rate_order&locations=all
DevOps/ 시스템 관리자,https://www.wanted.co.kr/wdlist/518/674?country=kr&job_sort=company.response_rate_order&locations=all
개발 매니저,https://www.wanted.co.kr/wdlist/518/877?country=kr&job_sort=company.response_rate_order&locations=all
기술지원,https://www.wanted.co.kr/wdlist/518/1026?country=kr&job_sort=company.response_rate_order&locations=all
"QA,테스트 엔지니어",https://www.wanted.co.kr/wdlist/518/676?country=kr&job_sort=company.response_rate_order&locations=all
데이터 사이언티스트,https://www.wanted.co.kr/wdlist/518/1024?country=kr&job_sort=company.response_rate_order&locations=all
임베디드 개발자,https://www.wanted.co.kr/wdlist/518/658?country=kr&job_sort=company.response_rate_order&locations=all
보안 엔지니어,https://www.wanted.co.kr/wdlist/518/671?country=kr&job_sort=company.response_rate_order&locations=all
프로덕트 매니저,https://www.wanted.co.kr/wdlist/518/876?country=kr&job_sort=company.response_rate_order&locations=all
빅데이터 엔지니어,https://www.wanted.co.kr/wdlist/518/1025?country=kr&job_sort=company.response_rate_order&locations=all
하드웨어 엔지니어,https://www.wanted.co.kr/wdlist/518/672?country=kr&job_sort=company.response_rate_order&locations=all
PHP 개발자,https://www.wanted.co.kr/wdlist/518/893?country=kr&job_sort=company.response_rate_order&locations=all
블록체인 플랫폼 엔지니어,https://www.wanted.co.kr/wdlist/518/1027?country=kr&job_sort=company.response_rate_order&locations=all
크로스플랫폼 앱 개발자,https://www.wanted.co.kr/wdlist/518/10111?country=kr&job_sort=company.response_rate_order&locations=all
DBA,https://www.wanted.co.kr/wdlist/518/10231?country=kr&job_sort=company.response_rate_order&locations=all
ERP전문가,https://www.wanted.co.kr/wdlist/518/10230?country=kr&job_sort=company.response_rate_order&locations=all
.NET 개발자,https://www.wanted.co.kr/wdlist/518/661?country=kr&job_sort=company.response_rate_order&locations=all
웹 퍼블리셔,https://www.wanted.co.kr/wdlist/518/939?country=kr&job_sort=company.response_rate_order&locations=all
"영상,음성 엔지니어",https://www.wanted.co.kr/wdlist/518/896?country=kr&job_sort=company.response_rate_order&locations=all
그래픽스 엔지니어,https://www.wanted.co.kr/wdlist/518/898?country=kr&job_sort=company.response_rate_order&locations=all
루비온레일즈 개발자,https://www.wanted.co.kr/wdlist/518/894?country=kr&job_sort=company.response_rate_order&locations=all
BI 엔지니어,https://www.wanted.co.kr/wdlist/518/1022?country=kr&job_sort=company.response_rate_order&locations=all
VR 엔지니어,https://www.wanted.co.kr/wdlist/518/10112?country=kr&job_sort=company.response_rate_order&locations=all
