Key,Value
CRM 통합,1
FIREBASE,70
ADOBE XD,13
DJANGO,146
SSRS,1
NEXACRO,5
SONET,2
비즈니스 분석,2
UDP,11
UX 디자인,2
CSS3,76
RTL 코딩,18
네트워크 개발,2
GLSL,1
솔루션 아키텍처,4
네트워크 설계,5
RTP,5
차량,5
WORDPRESS,2
VMWARE INFRASTRUCTURE,13
자동차,6
UNITY3D,64
PADS,12
테스트 실행,17
PERFORCE,4
GIMP,2
SAP ERP,12
XAML,6
HCI,8
시스템 구현,1
RHEL,8
최적화,4
리눅스 커널,1
VBA,6
XP,3
PMO,5
VM웨어,40
통신,14
모바일 기술,4
DIRECTX,1
위성 통신,4
VHDL,8
VUE.JS,98
NEXT.JS,223
CTI,4
수학,5
ISO,9
웹 개발,10
XEN,14
AXURE,7
SHADER,5
PYTORCH,204
CSS,268
CISSP,10
공공 부문,3
RTOS,11
MONGODB,192
MFC,45
기술 교육,4
TABLEAU,62
BASH,20
영상,5
ALTIUM,5
클라우드 응용 프로그램,13
WINFORM,11
SAP HR,3
HTML5,123
ABAP,20
EMBEDDED C,21
STP,8
SOLARIS ,1
PERL,32
ENCASE,4
VISUAL STUDIO CODE,18
리눅스 서버,3
PLC,6
ES6,26
AKKA,2
HYPERLEDGER,5
EXPRESSJS,68
AJAX,12
NOTION,108
서버 관리,22
API 개발,24
DOM,3
AUTOCAD,6
SCM,1
ELASTICSEARCH,107
DEBIAN,2
KERNEL PROGRAMMING,1
공차 분석,5
데이터 마트,4
빅 데이터,1
CRM 데이터베이스,1
보안 감사,10
RFP,1
API,86
JQUERY UI,2
SMS,2
보안 교육,4
UI 디자인,17
취약점 스캐닝,1
네트워크 엔지니어링,1
FPGA,38
안드로이드 SDK,14
JSON,5
제안서 작성,3
PACS,4
웹 디자인,2
설계,6
CRM 소프트웨어,1
모바일 장치,1
SQLITE,12
보안 운영,2
데이터베이스,13
모델링 및 시뮬레이션,1
ORCAD,19
생산 계획,3
TESTNG,4
일본어,1
WEBGL,26
PRODUCT MANAGEMENT ,53
GPS,1
3D 그래픽,1
PHPUNIT,2
프로세스 개선,1
TYPESCRIPT,647
DSL,1
구글 API,1
MIXPANEL,4
샘플 준비,1
ORACLE,192
SKETCHUP,2
MVVM,64
의료 기기,7
카메라,9
하드웨어,9
MICROSOFT SERVER,2
RUBY,36
MSSQL,114
SYBASE,1
기술 개발,2
GOLANG,89
SWIFT,294
SPINE,1
분석 문제 해결,1
도메인 관리,2
금융,3
REDIS,145
NUMPY,28
JQUERY,174
ROS,57
MMO,2
분석능력,4
분석 개발,1
CAKEPHP,1
CISA,24
애자일 방법론,17
SIMULINK,17
ASIC,8
CCNA,3
POSTGRESQL,214
PCB 레이아웃 설계,18
SCRUM,3
윈도우 모바일,1
JENKINS,176
PROCESSING,17
윈도우 프로그래밍,2
EAI,12
APACHE,23
ACTIVE DIRECTORY,21
CAM,5
품질 관리,4
GRUNTJS,1
ECLIPSE,2
안드로이드 개발,48
클라이언트 개발,1
시스템 구축,25
R,31
리팩토링,15
REVIT,2
HADOOP,107
네비게이션 시스템,1
네트워크 관리,7
WINDOWS 원격 데스크톱,3
컴퓨터 비전,14
RTL 설계,26
KUBERNETES,276
VPN,6
서비스 디자인,9
TEAMCITY,2
RESTFUL WEBSERVICES,36
BOOTSTRAP,24
SEO,3
FLASK,60
GCC,1
RABBITMQ,20
GIS,5
프로젝트 실행,2
ASANA,6
PYTHON,1310
HTTP,49
ANSI C,1
IT 운영,9
기계 학습 (MACHINE LEARNING),3
LTE,4
시스템 통합,1
SAAS,15
SPI,2
NGINX,60
NEST.JS,98
SAP,26
SAS,3
REDMINE,12
UNREAL ENGINE,30
제어 시스템 설계,9
로봇,11
카산드라,3
SAP FI,13
MVC,11
WINDOWS 8,4
3G,4
그래픽 디자인,9
딥 러닝,24
통계 모델링,1
정보 보안,24
가상화,20
VUEJS,168
영어 실력,16
애자일 프로젝트 관리,17
앱 서버,1
WEBRTC,22
RASPBERRY PI,5
APACHE SPARK,6
재고 관리,3
GO,150
DSP,3
OBJECTIVEC,75
소프트웨어 개발,32
APPLE SOFTWARE,4
네트워크 프로그래밍,1
연구 및 개발,1
RX,14
QC,2
TOMCAT,22
IIS,9
PKI,2
LIS,2
ETL 도구,7
GUI,5
분석 서비스,2
APPLICANT TRACKING SYSTEM(ATS),1
TRELLO,11
OOP,32
FMEA,6
ORACLE SQL,10
라이브러리 관리,6
SAP 포털,1
MES,9
마이크로프로세서,1
VB .NET,2
JUNIPER,1
COMMUNICATION,4
GOOGLE WEBMASTER TOOLS,2
정보관리,4
FLASH,1
IPS,11
ENTITY FRAMEWORK,11
DHCP,2
SVELTE,1
LESS,3
SVN,19
컴퓨터 공학,5
MXNET,4
DNS,31
RESTFUL ARCHITECTURE,17
AGILE,43
SAP BI,1
DICOM,2
LINQ,4
데이터 시각화,3
NODEJS,200
AMAZON WEB SERVICE,16
VISUAL STUDIO,19
프레젠테이션,3
PHP,244
분석 능력,1
펌웨어,44
EXCEL,1
SAP MM,15
SD,4
UX 기획,6
네트워크 통신,1
SAP SD,16
OFDM,2
VERILOG,32
TENSORFLOW,147
SDLC,4
하드웨어 설계,5
ASP .NET,26
인터페이스,5
RETROFIT2,3
MAVEN,20
브랜딩,9
컴파일러,9
NEO4J,5
KYC,4
인프라,64
PMP,19
GIS 시스템,1
EMBEDDED LINUX,62
CCNP,1
IP,5
IBATIS,9
VISUAL BASIC,8
IT 관리,9
COCOA TOUCH,1
ANGULARJS,70
APACHE 2,6
데이터 입력,1
AZURE,147
머신 비전,6
SIP,5
SPA,9
BITBUCKET,38
프로젝트 관리,10
관리,1
HEALTH INFORMATION TECHNOLOGY,2
보안 정책,8
FASTAPI,58
STATA,1
예측 모델링,3
OTN,2
MYSQL,814
RPG,2
ORACLE RAC,1
GCPS,2
MULTI TASKING,17
아날로그 회로 설계,4
ITIL,14
클라우드 보안,1
인버터,2
STORAGE,6
NODE.JS,456
데이터베이스 설계,1
DOCKER,593
임베디드 시스템,20
ASTERISK,1
품질 보증,1
요구 사항 분석,1
프론트엔드 개발자,36
POWER BI,11
상품 기획,1
GCP,117
WPF 개발,5
POWERSHELL,29
WBS,2
DEVOPS,101
임베디드 소프트웨어,24
하드웨어 테스트,3
LIN,1
VDI,8
MIMO,2
MDX,1
STL,3
MOBILE APP DESIGN,1
회로 분석,4
서비스 프로세스,1
PCB 디자인,19
신호 처리,3
SPARK,122
ZEPLIN,19
CRM,12
전원 엔지니어링,1
의료 영상,12
소켓,1
ETHEREUM,13
암호화,2
ASP,12
보안 금융,4
METAL,5
ADOBE PHOTOSHOP,7
DBT,5
RTL 검증,8
REACT NATIVE,241
UBUNTU,34
QT,15
DATA ANALYSIS,11
유지보수,10
KOTLIN,535
성능 측정,6
네트워크 인프라,2
샘플 관리,1
ORACLE DATABASE,2
FLOW,3
회로 설계,19
RAID,7
교육 관리,4
AIX,6
REDUX,66
SPLUNK,1
SPSS,2
JSP 개발,6
모델링,1
RHINO 3D,2
검색 엔진,3
회로,6
고객 지원,5
EMC 규정 준수,7
TELERIK,3
ANDROID,556
MATLAB,25
GITHUB,569
OFFICE 365,23
SHELL,33
DIAGNOSTIC,1
ADOBE,2
WEB SOCKET,10
COROUTINE,13
SQL 서버,12
GOOGLE ANALYTICS,49
OSS,23
자연 언어 처리,1
기술 문서,4
IOS,441
RESTFUL API,142
ISR,1
DWDM,2
복제,2
SAP FICO,2
클라우드 컴퓨팅,2
DELPHI,12
학술 연구,2
3D 모델링,5
RDBMS,115
STRUTS,1
운영 관리,3
전자 공학,2
솔루션 개발,11
GITLAB,63
TYPEFORM,2
USER EXPERIENCE,2
GRADLE,28
VOIP,4
AMAZON REDSHIFT,2
백엔드 개발,45
HTA,2
FTP,1
BGP,3
ADOBE ILLUSTRATOR,7
EC2,13
JPA,220
QLIKVIEW,1
방화벽,4
APACHE KAFKA,24
EMR,8
RF,7
SVG,6
보안,50
프로그램 관리,4
POP 디스플레이,5
데이터 통합,1
AAC,2
ANGULAR,1
BI,1
시스템 관리,31
.NET CORE,12
스토리지 영역 네트워크,2
DLP,5
데이터베이스 관리,1
SOC,39
SQL,459
강의,4
ELIXIR,2
WINDOWS 서버,58
REACT,833
SHELL SCRIPTING,27
무선 통신,4
JUNIT,22
C#,265
IOS 디자인,2
RS232,3
NOSQL,152
JSP,51
HILT,2
SLACK,136
TCL,10
NAS,5
LINUX,688
ERP 구현,5
MICROCHIP PIC,1
FPGA 프로토 타이핑,16
의료 산업,1
REACT.JS,334
VR,4
서버,17
SNMP,8
AWS,1432
ORM,32
C,276
운영체제,11
SERVLETS,6
PAAS,7
SSH,2
반도체,2
DATASTAGE,1
RUBY ON RAILS,25
네트워크 운영,19
XHTML,1
JAVA,1050
리눅스 시스템 관리,4
DB2,1
데이터 분석,7
GOOGLE TAG MANAGER,11
서비스 관리,2
CLUSTERING,6
SPRING BOOT,376
CENTOS,12
개발,20
IVR,4
기술 관리,6
C / C++,345
XAMARIN,17
SCIPY,7
고객 중심,2
JSTL,6
GPU,10
병렬 프로그래밍,1
전자정부프레임워크,4
WINDOWS EMBEDDED,4
3D,2
HTML,502
AMPLITUDE,3
JAVASCRIPT,1216
CITRIX,19
OPENCL,4
PADS LAYOUT,2
프로토콜 개발,1
OPENGL,20
TDD,13
CCIE,2
프로토 타이핑,2
제품 개발,1
백신,5
네트워크 보안,3
MAC,20
ML,65
BLOCKCHAIN,53
LARAVEL,42
QA 엔지니어링,47
전력전자학,2
CAN,11
WPF,48
CSS 자바 스크립트,22
PALANTIR,1
AUTOSAR,2
JIRA,247
.NET,88
GOOGLE APPS,17
데이터 구조,2
AR,10
SSAS,3
RUST,37
서버 아키텍처,18
SPRING FRAMEWORK,737
OPENCV,41
CODEIGNITER,16
소프트웨어 검증,1
CHILDREN,1
INTELLIJ IDEA,19
MS 오피스,1
ADC,3
FRAMER,4
SCALA,30
B2C,4
자산 관리,1
구매 관리,3
OAUTH,4
ARDUINO,3
로봇 프로그래밍,5
POS,1
모바일 게임 개발,1
SAP BW,1
WINDOWS 서비스,8
ETL,23
USER STORIES,2
인공 지능,15
B2B,5
ZEMAX,2
ERP 소프트웨어,13
FIGMA,112
EMC STORAGE,7
CUDA,38
ANDROID STUDIO,52
SASS,11
UX,13
학술 출판,2
SMTP,17
IOS 개발,52
의료 장비,7
웹사이트,1
SOLIDWORKS,2
TCP,37
WORDPRESS DESIGN,1
GOOGLE CLOUD PLATFORM,38
HEROKU,2
SSIS,4
모바일 게임,4
REST,67
XILINX,8
NFC,8
C++,517
GOOGLE MAPS,3
SCIKIT-LEARN,53
프로젝트 납품,1
알고리즘 설계,2
EDA,14
GIS 응용 프로그램,2
CISCO,7
SSL,7
SKETCH,9
CONFLUENCE,118
OLAP,1
GIT,1128
교육 기술,4
XML,2
SOLR,1
CAD,7
클라우드 스토리지,1
스토리지 솔루션,2
알고리즘 개발,10
데이터 수집,1
모뎀,1
보안 관리,21
OPENMP,7
NLP,15
WEBSPHERE MQ,3
자동차 전자,1
레이더,3
DEBUGGING,5
AUDIT COMMAND LANGUAGE (ACL),2
OPENSTACK,14
고객 관계,4
JSONAPI,6
CMS,1
POWERBUILDER,9
검증,32
IOT,23
XCODE,19
모터 제어,2
HMI,1
FLUTTER,214
UNIX,38
SAP 구현,3
LIDAR,7
I2C,2
HP,10
DART FOR PUBLISHERS,2
GRAPHQL,96
