.NET,0
.NET CORE,0
3D,100
3D 그래픽,0
3D 모델링,0
3G,0
AAC,11
ABAP,11
ACTIVE DIRECTORY,0
ADC,1
ADOBE,14
ADOBE ILLUSTRATOR,0
ADOBE PHOTOSHOP,0
ADOBE XD,0
AGILE,73
AIX,1
AJAX,4
AKKA,4
ALTIUM,1
AMAZON REDSHIFT,0
AMAZON WEB SERVICE,0
AMPLITUDE,12
ANDROID,143
ANDROID STUDIO,0
ANGULAR,47
ANGULARJS,10
ANSI C,0
APACHE,38
APACHE 2,0
APACHE KAFKA,0
APACHE SPARK,0
API,363
API 개발,0
APPLE SOFTWARE,0
APPLICANT TRACKING SYSTEM(ATS),0
AR,7
ARDUINO,0
ASANA,11
ASIC,6
ASP,6
ASP .NET,0
ASTERISK,0
AUDIT COMMAND LANGUAGE (ACL),0
AUTOCAD,3
AUTOSAR,11
AWS,861
AXURE,3
AZURE,138
B2B,50
B2C,28
BASH,21
BGP,0
BI,25
BITBUCKET,16
BLOCKCHAIN,10
BOOTSTRAP,12
C,165
C / C++,0
C#,0
C++,0
CAD,7
CAKEPHP,0
CAM,2
CAN,12
CCIE,2
CCNA,9
CCNP,7
CENTOS,9
CHILDREN,0
CISA,24
CISCO,8
CISSP,29
CITRIX,4
CLUSTERING,1
CMS,5
COCOA TOUCH,0
CODEIGNITER,9
COMMUNICATION,23
CONFLUENCE,143
COROUTINE,22
CRM,16
CRM 데이터베이스,0
CRM 소프트웨어,0
CRM 통합,0
CSS,85
CSS 자바 스크립트,0
CSS3,0
CTI,3
CUDA,26
DART FOR PUBLISHERS,0
DATA ANALYSIS,0
DATASTAGE,0
DB2,0
DBT,1
DEBIAN,0
DEBUGGING,3
DELPHI,8
DEVOPS,134
DHCP,1
DIAGNOSTIC,0
DICOM,8
DIRECTX,4
DJANGO,44
DLP,1
DNS,3
DOCKER,317
DOM,1
DSL,0
DSP,7
DWDM,0
EAI,3
EC2,0
ECLIPSE,1
EDA,6
ELASTICSEARCH,68
ELIXIR,2
EMBEDDED C,0
EMBEDDED LINUX,0
EMC STORAGE,0
EMC 규정 준수,0
EMR,16
ENCASE,0
ENTITY FRAMEWORK,0
ERP 구현,0
ERP 소프트웨어,0
ES6,0
ETHEREUM,21
ETL,21
ETL 도구,0
EXCEL,1
EXPRESSJS,2
FASTAPI,18
FIGMA,75
FIREBASE,40
FLASH,0
FLASK,24
FLOW,32
FLUTTER,87
FMEA,0
FPGA,14
FPGA 프로토 타이핑,0
FRAMER,1
FTP,0
GCC,1
GCP,176
GCPS,0
GIMP,0
GIS,18
GIS 시스템,0
GIS 응용 프로그램,0
GIT,359
GITHUB,195
GITLAB,64
GLSL,5
GO,67
GOLANG,37
GOOGLE ANALYTICS,0
GOOGLE APPS,0
GOOGLE CLOUD PLATFORM,0
GOOGLE MAPS,0
GOOGLE TAG MANAGER,0
GOOGLE WEBMASTER TOOLS,0
GPS,6
GPU,24
GRADLE,13
GRAPHQL,72
GRUNTJS,0
GUI,9
HADOOP,46
HCI,0
HEALTH INFORMATION TECHNOLOGY,0
HEROKU,1
HILT,4
HMI,2
HP,0
HTA,0
HTML,54
HTML5,22
HTTP,21
HYPERLEDGER,5
I2C,0
IBATIS,0
IIS,0
INTELLIJ IDEA,0
IOS,149
IOS 개발,0
IOS 디자인,0
IOT,46
IP,9
IPS,5
ISO,45
ISR,2
IT 관리,0
IT 운영,0
ITIL,7
IVR,2
JAVA,255
JAVASCRIPT,164
JENKINS,122
JIRA,230
JPA,61
JQUERY,27
JQUERY UI,0
JSON,6
JSONAPI,0
JSP,10
JSP 개발,0
JSTL,0
JUNIPER,2
JUNIT,13
KERNEL PROGRAMMING,0
KOTLIN,109
KUBERNETES,245
KYC,0
LARAVEL,17
LESS,7
LIDAR,13
LIN,0
LINQ,1
LINUX,191
LIS,0
LTE,5
MAC,14
MATLAB,7
MAVEN,5
MDX,0
MES,14
METAL,9
MFC,10
MICROCHIP PIC,0
MICROSOFT SERVER,0
MIMO,0
MIXPANEL,7
ML,74
MMO,2
MOBILE APP DESIGN,0
MONGODB,99
MS 오피스,0
MSSQL,25
MULTI TASKING,0
MVC,23
MVVM,87
MXNET,1
MYSQL,105
NAS,1
NEO4J,0
NEST.JS,0
NEXACRO,4
NEXT.JS,0
NFC,7
NGINX,24
NLP,17
NODE.JS,0
NODEJS,167
NOSQL,152
NOTION,74
NUMPY,7
OAUTH,18
OBJECTIVEC,15
OFDM,0
OFFICE 365,0
OLAP,6
OOP,19
OPENCL,8
OPENCV,24
OPENGL,29
OPENMP,3
OPENSTACK,13
ORACLE,35
ORACLE DATABASE,0
ORACLE RAC,0
ORACLE SQL,0
ORCAD,7
ORM,39
OSS,1
OTN,0
PAAS,4
PACS,11
PADS,6
PADS LAYOUT,0
PALANTIR,1
PCB 디자인,0
PCB 레이아웃 설계,0
PERFORCE,0
PERL,4
PHP,51
PHPUNIT,0
PKI,6
PLC,5
PMO,0
PMP,8
POP 디스플레이,0
POS,23
POSTGRESQL,59
POWER BI,0
POWERBUILDER,0
POWERSHELL,3
PROCESSING,16
PRODUCT MANAGEMENT ,0
PYTHON,319
PYTORCH,62
QA 엔지니어링,0
QC,0
QLIKVIEW,1
QT,23
R,16
RABBITMQ,60
RAID,0
RASPBERRY PI,0
RDBMS,62
REACT,334
REACT NATIVE,0
REACT.JS,0
REDIS,162
REDMINE,24
REDUX,68
REST,80
RESTFUL API,0
RESTFUL ARCHITECTURE,0
RESTFUL WEBSERVICES,0
RETROFIT2,0
REVIT,0
RF,3
RFP,0
RHEL,2
RHINO 3D,0
ROS,38
RPG,0
RS232,0
RTL 검증,0
RTL 설계,0
RTL 코딩,0
RTOS,18
RTP,1
RUBY,20
RUBY ON RAILS,0
RUST,32
RX,10
SAAS,57
SAP,37
SAP BI,0
SAP BW,0
SAP ERP,0
SAP FI,0
SAP FICO,0
SAP HR,0
SAP MM,0
SAP SD,0
SAP 구현,0
SAP 포털,0
SAS,2
SASS,13
SCALA,19
SCIKIT-LEARN,0
SCIPY,0
SCM,11
SCRUM,14
SD,1
SDLC,6
SEO,54
SERVLETS,0
SHADER,5
SHELL,37
SHELL SCRIPTING,0
SIMULINK,5
SIP,0
SKETCH,7
SKETCHUP,0
SLACK,136
SMS,3
SMTP,0
SNMP,0
SOC,25
SOLARIS ,0
SOLIDWORKS,1
SOLR,1
SONET,0
SPA,54
SPARK,73
SPI,2
SPINE,2
SPLUNK,2
SPRING BOOT,0
SPRING FRAMEWORK,0
SPSS,0
SQL,93
SQL 서버,0
SQLITE,4
SSAS,0
SSH,0
SSIS,1
SSL,3
SSRS,0
STATA,0
STL,2
STORAGE,4
STP,0
STRUTS,0
SVELTE,11
SVG,5
SVN,23
SWIFT,42
SYBASE,0
TABLEAU,35
TCL,0
TCP,5
TDD,115
TEAMCITY,6
TELERIK,0
TENSORFLOW,61
TESTNG,3
TOMCAT,12
TRELLO,3
TYPEFORM,0
TYPESCRIPT,280
UBUNTU,17
UDP,3
UI 디자인,0
UNITY3D,0
UNIX,8
UNREAL ENGINE,0
USER EXPERIENCE,0
USER STORIES,0
UX,45
UX 기획,0
UX 디자인,0
VB .NET,0
VBA,7
VDI,4
VERILOG,3
VHDL,0
VISUAL BASIC,0
VISUAL STUDIO,0
VISUAL STUDIO CODE,0
VMWARE INFRASTRUCTURE,0
VM웨어,0
VOIP,1
VPN,14
VR,3
VUE.JS,0
VUEJS,98
WBS,0
WEB SOCKET,0
WEBGL,20
WEBRTC,21
WEBSPHERE MQ,0
WINDOWS 8,0
WINDOWS EMBEDDED,0
WINDOWS 서버,0
WINDOWS 서비스,0
WINDOWS 원격 데스크톱,0
WINFORM,2
WORDPRESS,1
WORDPRESS DESIGN,0
WPF,12
WPF 개발,0
XAMARIN,1
XAML,0
XCODE,11
XEN,0
XHTML,1
XILINX,4
XML,3
XP,4
ZEMAX,1
ZEPLIN,29
가상화,30
강의,2
개발,3102
검색 엔진,3
검증,69
고객 관계,0
고객 중심,0
고객 지원,0
공공 부문,0
공차 분석,0
관리,545
교육 관리,0
교육 기술,0
구글 API,0
구매 관리,0
그래픽 디자인,0
금융,139
기계 학습 (MACHINE LEARNING),0
기술 개발,0
기술 관리,0
기술 교육,0
기술 문서,0
네비게이션 시스템,0
네트워크 개발,0
네트워크 관리,0
네트워크 보안,15
네트워크 설계,0
네트워크 엔지니어링,0
네트워크 운영,0
네트워크 인프라,0
네트워크 통신,0
네트워크 프로그래밍,0
데이터 구조,0
데이터 마트,1
데이터 분석,0
데이터 수집,0
데이터 시각화,39
데이터 입력,0
데이터 통합,0
데이터베이스,92
데이터베이스 관리,0
데이터베이스 설계,15
도메인 관리,0
딥 러닝,0
라이브러리 관리,0
레이더,4
로봇,44
로봇 프로그래밍,0
리눅스 서버,0
리눅스 시스템 관리,0
리눅스 커널,5
리팩토링,84
마이크로프로세서,0
머신 비전,0
모델링,75
모델링 및 시뮬레이션,0
모뎀,0
모바일 게임,16
모바일 게임 개발,0
모바일 기술,0
모바일 장치,0
모터 제어,0
무선 통신,4
반도체,18
방화벽,10
백신,1
백엔드 개발,0
병렬 프로그래밍,0
보안,252
보안 감사,0
보안 관리,0
보안 교육,0
보안 금융,0
보안 운영,0
보안 정책,1
복제,0
분석 개발,0
분석 능력,0
분석 문제 해결,0
분석 서비스,0
분석능력,0
브랜딩,0
비즈니스 분석,0
빅 데이터,1
상품 기획,0
샘플 관리,0
샘플 준비,0
생산 계획,0
서버,313
서버 관리,0
서버 아키텍처,0
서비스 관리,0
서비스 디자인,0
서비스 프로세스,0
설계,732
성능 측정,0
소켓,14
소프트웨어 개발,64
소프트웨어 검증,0
솔루션 개발,0
솔루션 아키텍처,0
수학,75
스토리지 솔루션,0
스토리지 영역 네트워크,0
시스템 관리,0
시스템 구축,0
시스템 구현,0
시스템 통합,0
신호 처리,3
아날로그 회로 설계,0
안드로이드 SDK,0
안드로이드 개발,0
알고리즘 개발,0
알고리즘 설계,4
암호화,12
애자일 방법론,0
애자일 프로젝트 관리,0
앱 서버,0
연구 및 개발,0
영상,77
영어 실력,0
예측 모델링,0
요구 사항 분석,0
운영 관리,0
운영체제,0
웹 개발,59
웹 디자인,4
웹사이트,38
위성 통신,0
윈도우 모바일,0
윈도우 프로그래밍,0
유지보수,0
의료 기기,0
의료 산업,0
의료 영상,0
의료 장비,0
인공 지능,0
인버터,2
인터페이스,17
인프라,262
일본어,32
임베디드 소프트웨어,0
임베디드 시스템,15
자동차,33
자동차 전자,0
자산 관리,0
자연 언어 처리,0
재고 관리,0
전력전자학,0
전원 엔지니어링,0
전자 공학,0
전자정부프레임워크,0
정보 보안,4
정보관리,0
제안서 작성,0
제어 시스템 설계,0
제품 개발,44
차량,38
최적화,353
취약점 스캐닝,0
카메라,31
카산드라,0
컴파일러,12
컴퓨터 공학,113
컴퓨터 비전,12
클라우드 보안,0
클라우드 스토리지,0
클라우드 응용 프로그램,0
클라우드 컴퓨팅,25
클라이언트 개발,0
테스트 실행,0
통계 모델링,0
통신,101
펌웨어,12
품질 관리,0
품질 보증,0
프레젠테이션,5
프로그램 관리,0
프로세스 개선,0
프로젝트 관리,31
프로젝트 납품,0
프로젝트 실행,0
프로토 타이핑,0
프로토콜 개발,0
프론트엔드 개발자,0
하드웨어,24
하드웨어 설계,0
하드웨어 테스트,0
학술 연구,0
학술 출판,0
회로,8
회로 분석,0
회로 설계,0
